{"cameraMode":{"drawMode":0,"name":"Shaded","section":"Shading Mode"},"sceneLighting":true,"audioPlay":false,"sceneViewState":{"m_AlwaysRefresh":false,"showFog":true,"showSkybox":true,"showFlares":true,"showImageEffects":true,"showParticleSystems":true,"showVisualEffectGraphs":true,"m_FxEnabled":true},"in2DMode":false,"pivot":{"x":-25.10038185119629,"y":-55.405277252197269,"z":260.0531005859375},"rotation":{"x":-0.10948605835437775,"y":0.043817952275276187,"z":-0.004982661921530962,"w":-0.9930981397628784},"size":141.418701171875,"orthographic":false}